Article,Fig,X_axis_label,Rate,Pyruvate,NADH,Lactate,NAD,Raw_X_axis,Raw_Y_axis,Raw_Vmax
Zewe_JBC_1962,Fig1,Lactate,-0.530912045,0,0,0.014239866,5.90E-04,0.702253804,1.167801721,0.62
Zewe_JBC_1962,Fig1,Lactate,-0.479068904,0,0,0.009541347,5.90E-04,1.048070049,1.29417709,0.62
Zewe_JBC_1962,Fig1,Lactate,-0.418576385,0,0,0.00715007,5.90E-04,1.398587766,1.481211131,0.62
Zewe_JBC_1962,Fig1,Lactate,-0.287859795,0,0,0.004868552,5.90E-04,2.05399885,2.153826307,0.62
Zewe_JBC_1962,Fig1,Lactate,-0.195375539,0,0,0.002410957,5.90E-04,4.147730877,3.173375761,0.62
Zewe_JBC_1962,Fig1,Lactate,-0.634917268,0,0,0.014339967,8.40E-04,0.697351659,0.976505179,0.62
Zewe_JBC_1962,Fig1,Lactate,-0.543753866,0,0,0.009460289,8.40E-04,1.057050148,1.140221779,0.62
Zewe_JBC_1962,Fig1,Lactate,-0.482396815,0,0,0.007175256,8.40E-04,1.393678454,1.285248951,0.62
Zewe_JBC_1962,Fig1,Lactate,-0.36847687,0,0,0.004859362,8.40E-04,2.057883298,1.682602222,0.62
Zewe_JBC_1962,Fig1,Lactate,-0.22105039,0,0,0.002411286,8.40E-04,4.147164693,2.804790342,0.62
Zewe_JBC_1962,Fig1,Lactate,-0.680435709,0,0,0.014437451,1.17E-03,0.69264302,0.911180869,0.62
Zewe_JBC_1962,Fig1,Lactate,-0.602971432,0,0,0.009503266,1.17E-03,1.05226984,1.028241087,0.62
Zewe_JBC_1962,Fig1,Lactate,-0.520159729,0,0,0.007152342,1.17E-03,1.39814342,1.191941561,0.62
Zewe_JBC_1962,Fig1,Lactate,-0.409335491,0,0,0.004838299,1.17E-03,2.066841897,1.514649997,0.62
Zewe_JBC_1962,Fig1,Lactate,-0.259970249,0,0,0.002408984,1.17E-03,4.151127977,2.384888277,0.62
Zewe_JBC_1962,Fig1,Lactate,-0.758073425,0,0,0.014537179,2.03E-03,0.687891379,0.817862729,0.62
Zewe_JBC_1962,Fig1,Lactate,-0.656606573,0,0,0.009588424,2.03E-03,1.04292423,0.944248848,0.62
Zewe_JBC_1962,Fig1,Lactate,-0.550317369,0,0,0.007152855,2.03E-03,1.398043084,1.126622626,0.62
Zewe_JBC_1962,Fig1,Lactate,-0.458801381,0,0,0.004849701,2.03E-03,2.061982753,1.351347284,0.62
Zewe_JBC_1962,Fig1,Lactate,-0.306077803,0,0,0.002411982,2.03E-03,4.145967824,2.025628759,0.62
Zewe_JBC_1962,Fig2,NAD,-0.525492894,0,0,4.80E-03,0.002035578,4.912609233,1.351112467,0.71
Zewe_JBC_1962,Fig2,NAD,-0.488839584,0,0,4.80E-03,0.001662593,6.014702587,1.452419205,0.71
Zewe_JBC_1962,Fig2,NAD,-0.4682945,0,0,4.80E-03,0.001164594,8.586682812,1.516139951,0.71
Zewe_JBC_1962,Fig2,NAD,-0.421276682,0,0,4.80E-03,0.000899659,11.11532759,1.685353191,0.71
Zewe_JBC_1962,Fig2,NAD,-0.331877922,0,0,4.80E-03,0.000587434,17.02319328,2.139340863,0.71
Zewe_JBC_1962,Fig2,NAD,-0.628042145,0,0,7.20E-03,0.002029057,4.928398781,1.13049738,0.71
Zewe_JBC_1962,Fig2,NAD,-0.627713904,0,0,7.20E-03,0.00165626,6.037700409,1.131088535,0.71
Zewe_JBC_1962,Fig2,NAD,-0.611436824,0,0,7.20E-03,0.00117089,8.540515544,1.161199281,0.71
Zewe_JBC_1962,Fig2,NAD,-0.568491633,0,0,7.20E-03,0.000897137,11.14656344,1.248918998,0.71
Zewe_JBC_1962,Fig2,NAD,-0.426559231,0,0,7.20E-03,0.000589977,16.94982337,1.664481619,0.71
Zewe_JBC_1962,Fig2,NAD,-0.756368156,0,0,9.60E-03,0.001994536,5.013696671,0.938696313,0.71
Zewe_JBC_1962,Fig2,NAD,-0.722710196,0,0,9.60E-03,0.001653346,6.048341192,0.98241315,0.71
Zewe_JBC_1962,Fig2,NAD,-0.707937871,0,0,9.60E-03,0.001174252,8.516058906,1.002912867,0.71
Zewe_JBC_1962,Fig2,NAD,-0.645334001,0,0,9.60E-03,0.000902068,11.08563637,1.100205474,0.71
Zewe_JBC_1962,Fig2,NAD,-0.488490042,0,0,9.60E-03,0.000589451,16.96492642,1.453458493,0.71
Zewe_JBC_1962,Fig2,NAD,-0.882656643,0,0,1.44E-02,0.002005003,4.987523777,0.8043898,0.71
Zewe_JBC_1962,Fig2,NAD,-0.876805315,0,0,1.44E-02,0.001649975,6.06069823,0.809757865,0.71
Zewe_JBC_1962,Fig2,NAD,-0.84055136,0,0,1.44E-02,0.001162932,8.598954038,0.844683661,0.71
Zewe_JBC_1962,Fig2,NAD,-0.73503751,0,0,1.44E-02,0.000898389,11.13103133,0.965937099,0.71
Zewe_JBC_1962,Fig2,NAD,-0.619267543,0,0,1.44E-02,0.000588689,16.98689448,1.146515763,0.71
Zewe_JBC_1962,Fig3,Pyruvate,0.480035182,0.000747362,1.05E-05,0.00E+00,0,1.338039519,2.433901562,1.16835838
Zewe_JBC_1962,Fig3,Pyruvate,0.444156733,0.000415327,1.05E-05,0.00E+00,0,2.407741335,2.630509217,1.16835838
Zewe_JBC_1962,Fig3,Pyruvate,0.414649308,0.000321662,1.05E-05,0.00E+00,0,3.108849412,2.817702473,1.16835838
Zewe_JBC_1962,Fig3,Pyruvate,0.343756934,0.000184047,1.05E-05,0.00E+00,0,5.433393744,3.398792184,1.16835838
Zewe_JBC_1962,Fig3,Pyruvate,0.311312194,0.000140609,1.05E-05,0.00E+00,0,7.111929769,3.753011938,1.16835838
Zewe_JBC_1962,Fig3,Pyruvate,0.539264782,0.000748051,1.40E-05,0.00E+00,0,1.336807984,2.166576455,1.16835838
Zewe_JBC_1962,Fig3,Pyruvate,0.472618848,0.000415453,1.40E-05,0.00E+00,0,2.407011537,2.472094339,1.16835838
Zewe_JBC_1962,Fig3,Pyruvate,0.461696708,0.000321799,1.40E-05,0.00E+00,0,3.107526653,2.530575507,1.16835838
Zewe_JBC_1962,Fig3,Pyruvate,0.399637208,0.000184121,1.40E-05,0.00E+00,0,5.43120435,2.923547549,1.16835838
Zewe_JBC_1962,Fig3,Pyruvate,0.340014017,0.000141003,1.40E-05,0.00E+00,0,7.092042766,3.436206509,1.16835838
Zewe_JBC_1962,Fig3,Pyruvate,0.659888434,0.000749073,2.10E-05,0.00E+00,0,1.334983488,1.77053926,1.16835838
Zewe_JBC_1962,Fig3,Pyruvate,0.612406758,0.00042569,2.10E-05,0.00E+00,0,2.349129411,1.907814315,1.16835838
Zewe_JBC_1962,Fig3,Pyruvate,0.585364665,0.000323977,2.10E-05,0.00E+00,0,3.086636177,1.99594962,1.16835838
Zewe_JBC_1962,Fig3,Pyruvate,0.487069752,0.000182961,2.10E-05,0.00E+00,0,5.465641706,2.398749612,1.16835838
Zewe_JBC_1962,Fig3,Pyruvate,0.422871029,0.000140699,2.10E-05,0.00E+00,0,7.10736853,2.76291895,1.16835838
Zewe_JBC_1962,Fig3,Pyruvate,0.757288595,0.000749662,3.50E-05,0.00E+00,0,1.333934403,1.542817873,1.16835838
Zewe_JBC_1962,Fig3,Pyruvate,0.69542302,0.000422564,3.50E-05,0.00E+00,0,2.366507733,1.680068601,1.16835838
Zewe_JBC_1962,Fig3,Pyruvate,0.653424397,0.000326025,3.50E-05,0.00E+00,0,3.067250911,1.788054419,1.16835838
Zewe_JBC_1962,Fig3,Pyruvate,0.538165031,0.000182381,3.50E-05,0.00E+00,0,5.483020027,2.171003898,1.16835838
Zewe_JBC_1962,Fig3,Pyruvate,0.45728758,0.000140354,3.50E-05,0.00E+00,0,7.124838076,2.554975096,1.16835838
Zewe_JBC_1962,Fig3,Pyruvate,0.837965629,0.000739821,4.70E-05,0.00E+00,0,1.351677624,1.394279598,1.16835838
Zewe_JBC_1962,Fig3,Pyruvate,0.844804841,0.000416321,4.70E-05,0.00E+00,0,2.401994174,1.382992051,1.16835838
Zewe_JBC_1962,Fig3,Pyruvate,0.708356686,0.00032222,4.70E-05,0.00E+00,0,3.10346715,1.649392747,1.16835838
Zewe_JBC_1962,Fig3,Pyruvate,0.586286454,0.000183024,4.70E-05,0.00E+00,0,5.463771597,1.992811487,1.16835838
Zewe_JBC_1962,Fig3,Pyruvate,0.48750977,0.000140732,4.70E-05,0.00E+00,0,7.105680871,2.396584544,1.16835838
Zewe_JBC_1962,Fig4,NADH,0.513865462,1.38E-04,4.56081E-05,0.00E+00,0,21.92592593,2.47146402,1.27
Zewe_JBC_1962,Fig4,NADH,0.488368321,1.38E-04,3.59043E-05,0.00E+00,0,27.85185185,2.600496278,1.27
Zewe_JBC_1962,Fig4,NADH,0.447386364,1.38E-04,2.05793E-05,0.00E+00,0,48.59259259,2.838709677,1.27
Zewe_JBC_1962,Fig4,NADH,0.375227273,1.38E-04,1.40625E-05,0.00E+00,0,71.11111111,3.384615385,1.27
Zewe_JBC_1962,Fig4,NADH,0.341206667,1.38E-04,1.04167E-05,0.00E+00,0,96,3.722084367,1.27
Zewe_JBC_1962,Fig4,NADH,0.561195175,1.84E-04,0.000045,0.00E+00,0,22.22222222,2.263027295,1.27
Zewe_JBC_1962,Fig4,NADH,0.518026316,1.84E-04,3.55263E-05,0.00E+00,0,28.14814815,2.451612903,1.27
Zewe_JBC_1962,Fig4,NADH,0.499814453,1.84E-04,2.07055E-05,0.00E+00,0,48.2962963,2.540942928,1.27
Zewe_JBC_1962,Fig4,NADH,0.44895614,1.84E-04,1.40041E-05,0.00E+00,0,71.40740741,2.828784119,1.27
Zewe_JBC_1962,Fig4,NADH,0.396137771,1.84E-04,1.03846E-05,0.00E+00,0,96.2962963,3.205955335,1.27
Zewe_JBC_1962,Fig4,NADH,0.710847222,3.22E-04,0.000045,0.00E+00,0,22.22222222,1.786600496,1.27
Zewe_JBC_1962,Fig4,NADH,0.662966321,3.22E-04,3.55263E-05,0.00E+00,0,28.14814815,1.915632754,1.27
Zewe_JBC_1962,Fig4,NADH,0.621128641,3.22E-04,2.07055E-05,0.00E+00,0,48.2962963,2.044665012,1.27
Zewe_JBC_1962,Fig4,NADH,0.544478723,3.22E-04,1.3832E-05,0.00E+00,0,72.2962963,2.332506203,1.27
Zewe_JBC_1962,Fig4,NADH,0.466979927,3.22E-04,1.04167E-05,0.00E+00,0,96,2.719602978,1.27
Zewe_JBC_1962,Fig4,NADH,0.794736025,4.60E-04,4.32692E-05,0.00E+00,0,23.11111111,1.598014888,1.27
Zewe_JBC_1962,Fig4,NADH,0.739609827,4.60E-04,3.51563E-05,0.00E+00,0,28.44444444,1.717121588,1.27
Zewe_JBC_1962,Fig4,NADH,0.70691989,4.60E-04,2.07055E-05,0.00E+00,0,48.2962963,1.796526055,1.27
Zewe_JBC_1962,Fig4,NADH,0.589642857,4.60E-04,1.38889E-05,0.00E+00,0,72,2.153846154,1.27
Zewe_JBC_1962,Fig4,NADH,0.522255102,4.60E-04,1.04814E-05,0.00E+00,0,95.40740741,2.431761787,1.27
Zewe_JBC_1962,Fig4,NADH,0.876386986,7.35E-04,4.38312E-05,0.00E+00,0,22.81481481,1.449131514,1.27
Zewe_JBC_1962,Fig4,NADH,0.888559028,7.35E-04,3.44388E-05,0.00E+00,0,29.03703704,1.429280397,1.27
Zewe_JBC_1962,Fig4,NADH,0.761622024,7.35E-04,2.05793E-05,0.00E+00,0,48.59259259,1.667493797,1.27
Zewe_JBC_1962,Fig4,NADH,0.649505076,7.35E-04,1.3832E-05,0.00E+00,0,72.2962963,1.955334988,1.27
Zewe_JBC_1962,Fig4,NADH,0.576362613,7.35E-04,1.04489E-05,0.00E+00,0,95.7037037,2.203473945,1.27
Zewe_JBC_1962,Fig7,Lactate,-0.212323306,7.65E-05,0,0.006433676,1.46E-03,1.554321349,1.82110494,0.386663021
Zewe_JBC_1962,Fig7,Lactate,-0.126095099,7.65E-05,0,0.003814931,1.46E-03,2.621279699,3.066439732,0.386663021
Zewe_JBC_1962,Fig7,Lactate,-0.104571663,7.65E-05,0,0.002842703,1.46E-03,3.517779182,3.697588896,0.386663021
Zewe_JBC_1962,Fig7,Lactate,-0.071083606,7.65E-05,0,0.00190699,1.46E-03,5.243866945,5.439552668,0.386663021
Zewe_JBC_1962,Fig7,Lactate,-0.054965986,7.65E-05,0,0.001445624,1.46E-03,6.917426521,7.034587133,0.386663021
Zewe_JBC_1962,Fig7,Lactate,-0.244552058,6.10E-05,0,0.006431803,1.46E-03,1.554773961,1.581107203,0.386663021
Zewe_JBC_1962,Fig7,Lactate,-0.160234142,6.10E-05,0,0.003813138,1.46E-03,2.62251181,2.413112559,0.386663021
Zewe_JBC_1962,Fig7,Lactate,-0.114930351,6.10E-05,0,0.002831571,1.46E-03,3.531609006,3.364324712,0.386663021
Zewe_JBC_1962,Fig7,Lactate,-0.081012308,6.10E-05,0,0.001906533,1.46E-03,5.245124201,4.772892288,0.386663021
Zewe_JBC_1962,Fig7,Lactate,-0.063512371,6.10E-05,0,0.001442499,1.46E-03,6.932413021,6.087995398,0.386663021
Zewe_JBC_1962,Fig7,Lactate,-0.285491496,5.07E-05,0,0.006485083,1.46E-03,1.542000233,1.354376668,0.386663021
Zewe_JBC_1962,Fig7,Lactate,-0.183561558,5.07E-05,0,0.003812297,1.46E-03,2.623090148,2.106448784,0.386663021
Zewe_JBC_1962,Fig7,Lactate,-0.140557142,5.07E-05,0,0.002841261,1.46E-03,3.519564486,2.750931156,0.386663021
Zewe_JBC_1962,Fig7,Lactate,-0.098314984,5.07E-05,0,0.001905957,1.46E-03,5.246708345,3.932900208,0.386663021
Zewe_JBC_1962,Fig7,Lactate,-0.072935991,5.07E-05,0,0.00143945,1.46E-03,6.94709778,5.301402156,0.386663021
Zewe_JBC_1962,Fig7,Lactate,-0.338867357,3.05E-05,0,0.006483392,1.46E-03,1.542402555,1.141045346,0.386663021
Zewe_JBC_1962,Fig7,Lactate,-0.208655387,3.05E-05,0,0.003811603,1.46E-03,2.623567906,1.85311784,0.386663021
Zewe_JBC_1962,Fig7,Lactate,-0.163544488,3.05E-05,0,0.002840672,1.46E-03,3.520293695,2.364268135,0.386663021
Zewe_JBC_1962,Fig7,Lactate,-0.113294395,3.05E-05,0,0.001905601,1.46E-03,5.247689005,3.412905112,0.386663021
Zewe_JBC_1962,Fig7,Lactate,-0.089893503,3.05E-05,0,0.001441798,1.46E-03,6.935782469,4.301345579,0.386663021
Zewe_JBC_1962,Fig7,Lactate,-0.442213331,0.00E+00,0,0.006481279,1.46E-03,1.542905457,0.874381194,0.386663021
Zewe_JBC_1962,Fig7,Lactate,-0.298999592,0.00E+00,0,0.003791002,1.46E-03,2.637825197,1.293189126,0.386663021
Zewe_JBC_1962,Fig7,Lactate,-0.241020366,0.00E+00,0,0.002839516,1.46E-03,3.521726968,1.604275302,0.386663021
Zewe_JBC_1962,Fig7,Lactate,-0.151068933,0.00E+00,0,0.001909819,1.46E-03,5.236097098,2.559513819,0.386663021
Zewe_JBC_1962,Fig7,Lactate,-0.137045268,0.00E+00,0,0.001438482,1.46E-03,6.951774775,2.821425541,0.386663021
Zewe_JBC_1962,Fig8,NAD,-0.493894547,6.31E-05,0,1.20E-02,0.002005971,4.985116908,1.363286932,0.673319982
Zewe_JBC_1962,Fig8,NAD,-0.475051436,6.31E-05,0,1.20E-02,0.001428912,6.998330551,1.41736227,0.673319982
Zewe_JBC_1962,Fig8,NAD,-0.429724399,6.31E-05,0,1.20E-02,0.001026616,9.740744741,1.566864676,0.673319982
Zewe_JBC_1962,Fig8,NAD,-0.386794329,6.31E-05,0,1.20E-02,0.000816912,12.24122768,1.740770045,0.673319982
Zewe_JBC_1962,Fig8,NAD,-0.367150232,6.31E-05,0,1.20E-02,0.00071487,13.98856381,1.83390864,0.673319982
Zewe_JBC_1962,Fig8,NAD,-0.553422644,5.58E-05,0,1.20E-02,0.002007164,4.982154484,1.216646969,0.673319982
Zewe_JBC_1962,Fig8,NAD,-0.519873055,5.58E-05,0,1.20E-02,0.001429416,6.995861865,1.295162301,0.673319982
Zewe_JBC_1962,Fig8,NAD,-0.484089278,5.58E-05,0,1.20E-02,0.00102444,9.761432332,1.390900422,0.673319982
Zewe_JBC_1962,Fig8,NAD,-0.437810532,5.58E-05,0,1.20E-02,0.00081396,12.28561466,1.537925501,0.673319982
Zewe_JBC_1962,Fig8,NAD,-0.396190607,5.58E-05,0,1.20E-02,0.00071625,13.96160576,1.69948497,0.673319982
Zewe_JBC_1962,Fig8,NAD,-0.61935986,2.78E-05,0,1.20E-02,0.001988853,5.028022675,1.087122407,0.673319982
Zewe_JBC_1962,Fig8,NAD,-0.654490252,2.78E-05,0,1.20E-02,0.001425573,7.014722628,1.02877007,0.673319982
Zewe_JBC_1962,Fig8,NAD,-0.554205318,2.78E-05,0,1.20E-02,0.001027365,9.733634925,1.214928763,0.673319982
Zewe_JBC_1962,Fig8,NAD,-0.529536992,2.78E-05,0,1.20E-02,0.000815928,12.25599042,1.271525864,0.673319982
Zewe_JBC_1962,Fig8,NAD,-0.462738187,2.78E-05,0,1.20E-02,0.000719001,13.90818339,1.455077625,0.673319982
Zewe_JBC_1962,Fig8,NAD,-0.835323681,0.00E+00,0,1.20E-02,0.002000759,4.998102197,0.806058773,0.673319982
Zewe_JBC_1962,Fig8,NAD,-0.780590156,0.00E+00,0,1.20E-02,0.001426256,7.011365214,0.862578111,0.673319982
Zewe_JBC_1962,Fig8,NAD,-0.708024337,0.00E+00,0,1.20E-02,0.001022831,9.77678756,0.950984234,0.673319982
Zewe_JBC_1962,Fig8,NAD,-0.69524363,0.00E+00,0,1.20E-02,0.000817954,12.22562558,0.968466236,0.673319982
Zewe_JBC_1962,Fig8,NAD,-0.617202841,0.00E+00,0,1.20E-02,0.000719382,13.9008267,1.090921715,0.673319982
Zewe_JBC_1962,Fig9,Pyruvate,0.648241204,0.000736725,4.24E-05,7.20E-02,0,1.35735771,2.51368421,1.62947368
Zewe_JBC_1962,Fig9,Pyruvate,0.539748952,0.000479721,4.24E-05,7.20E-02,0,2.08454658,3.01894737,1.62947368
Zewe_JBC_1962,Fig9,Pyruvate,0.486792452,0.000322652,4.24E-05,7.20E-02,0,3.09931637,3.34736842,1.62947368
Zewe_JBC_1962,Fig9,Pyruvate,0.35635359,0.00018457,4.24E-05,7.20E-02,0,5.41799193,4.57263158,1.62947368
Zewe_JBC_1962,Fig9,Pyruvate,0.293849657,0.000137971,4.24E-05,7.20E-02,0,7.24787744,5.54526316,1.62947368
Zewe_JBC_1962,Fig9,Pyruvate,0.77710843,0.000744065,4.24E-05,4.00E-02,0,1.34396837,2.09684211,1.62947368
Zewe_JBC_1962,Fig9,Pyruvate,0.682539681,0.000480024,4.24E-05,4.00E-02,0,2.08322873,2.38736842,1.62947368
Zewe_JBC_1962,Fig9,Pyruvate,0.583710405,0.000320185,4.24E-05,4.00E-02,0,3.12319578,2.79157895,1.62947368
Zewe_JBC_1962,Fig9,Pyruvate,0.420195438,0.00018462,4.24E-05,4.00E-02,0,5.41654229,3.87789474,1.62947368
Zewe_JBC_1962,Fig9,Pyruvate,0.366477272,0.000138494,4.24E-05,4.00E-02,0,7.22054526,4.44631579,1.62947368
Zewe_JBC_1962,Fig9,Pyruvate,0.826923073,0.000737341,4.24E-05,2.40E-02,0,1.35622436,1.97052632,1.62947368
Zewe_JBC_1962,Fig9,Pyruvate,0.732954545,0.000477235,4.24E-05,2.40E-02,0,2.09540565,2.22315789,1.62947368
Zewe_JBC_1962,Fig9,Pyruvate,0.658163265,0.000322841,4.24E-05,2.40E-02,0,3.09749773,2.47578947,1.62947368
Zewe_JBC_1962,Fig9,Pyruvate,0.515999998,0.000184671,4.24E-05,2.40E-02,0,5.41503995,3.15789474,1.62947368
Zewe_JBC_1962,Fig9,Pyruvate,0.438775509,0.000138044,4.24E-05,2.40E-02,0,7.24405568,3.71368421,1.62947368
Zewe_JBC_1962,Fig9,Pyruvate,0.89583333,0.000730766,4.24E-05,0.00E+00,0,1.36842764,1.81894737,1.62947368
Zewe_JBC_1962,Fig9,Pyruvate,0.837662335,0.000471728,4.24E-05,0.00E+00,0,2.11986492,1.94526316,1.62947368
Zewe_JBC_1962,Fig9,Pyruvate,0.786585363,0.000322929,4.24E-05,0.00E+00,0,3.09665431,2.07157895,1.62947368
Zewe_JBC_1962,Fig9,Pyruvate,0.638613859,0.000184714,4.24E-05,0.00E+00,0,5.41377481,2.55157895,1.62947368
Zewe_JBC_1962,Fig9,Pyruvate,0.522267205,0.00013783,4.24E-05,0.00E+00,0,7.25533646,3.12,1.62947368
Zewe_JBC_1962,Fig10,NADH,0.496872643,4.60E-04,4.44622E-05,7.20E-02,0,2.24910174,2.93729144,1.45945976
Zewe_JBC_1962,Fig10,NADH,0.475128833,4.60E-04,3.23299E-05,7.20E-02,0,3.09310997,3.07171373,1.45945976
Zewe_JBC_1962,Fig10,NADH,0.428188314,4.60E-04,2.27595E-05,7.20E-02,0,4.39377208,3.40845304,1.45945976
Zewe_JBC_1962,Fig10,NADH,0.373550769,4.60E-04,1.63293E-05,7.20E-02,0,6.12397086,3.90699172,1.45945976
Zewe_JBC_1962,Fig10,NADH,0.318567678,4.60E-04,1.29501E-05,7.20E-02,0,7.72195816,4.58131775,1.45945976
Zewe_JBC_1962,Fig10,NADH,0.547226563,4.60E-04,4.42464E-05,5.40E-02,0,2.26006915,2.66701191,1.45945976
Zewe_JBC_1962,Fig10,NADH,0.519715292,4.60E-04,3.22151E-05,5.40E-02,0,3.10413763,2.80819091,1.45945976
Zewe_JBC_1962,Fig10,NADH,0.477397631,4.60E-04,2.28453E-05,5.40E-02,0,4.37726071,3.05711563,1.45945976
Zewe_JBC_1962,Fig10,NADH,0.41599786,4.60E-04,1.63031E-05,5.40E-02,0,6.13379332,3.50833478,1.45945976
Zewe_JBC_1962,Fig10,NADH,0.367325754,4.60E-04,1.29368E-05,5.40E-02,0,7.72991255,3.97320292,1.45945976
Zewe_JBC_1962,Fig10,NADH,0.657097798,4.60E-04,4.43244E-05,2.72E-02,0,2.25609196,2.22106932,1.45945976
Zewe_JBC_1962,Fig10,NADH,0.634148137,4.60E-04,3.24019E-05,2.72E-02,0,3.08624027,2.30144926,1.45945976
Zewe_JBC_1962,Fig10,NADH,0.554623327,4.60E-04,2.28652E-05,2.72E-02,0,4.3734643,2.63144316,1.45945976
Zewe_JBC_1962,Fig10,NADH,0.498573782,4.60E-04,1.63526E-05,2.72E-02,0,6.1152331,2.92726937,1.45945976
Zewe_JBC_1962,Fig10,NADH,0.430247817,4.60E-04,1.29679E-05,2.72E-02,0,7.71135232,3.39213751,1.45945976
Zewe_JBC_1962,Fig10,NADH,0.797871418,4.60E-04,4.46584E-05,0.00E+00,0,2.23921902,1.82919168,1.45945976
Zewe_JBC_1962,Fig10,NADH,0.761596196,4.60E-04,3.2438E-05,0.00E+00,0,3.08280543,1.91631703,1.45945976
Zewe_JBC_1962,Fig10,NADH,0.640090583,4.60E-04,2.28117E-05,0.00E+00,0,4.38370858,2.28008316,1.45945976
Zewe_JBC_1962,Fig10,NADH,0.58341388,4.60E-04,1.6327E-05,0.00E+00,0,6.12481451,2.5015856,1.45945976
Zewe_JBC_1962,Fig10,NADH,0.52936596,4.60E-04,1.29549E-05,0.00E+00,0,7.71906566,2.75699586,1.45945976
Zewe_JBC_1962,Fig11,NAD,-0.423211003,0.00E+00,2.75E-05,1.08E-02,0.001812925,5.51594747,1.73672233,0.735
Zewe_JBC_1962,Fig11,NAD,-0.341560319,0.00E+00,2.75E-05,1.08E-02,0.001415671,7.06378987,2.15188931,0.735
Zewe_JBC_1962,Fig11,NAD,-0.287765901,0.00E+00,2.75E-05,1.08E-02,0.001063872,9.39962477,2.55415947,0.735
Zewe_JBC_1962,Fig11,NAD,-0.220007233,0.00E+00,2.75E-05,1.08E-02,0.000886118,11.2851782,3.34079925,0.735
Zewe_JBC_1962,Fig11,NAD,-0.205556433,0.00E+00,2.75E-05,1.08E-02,0.000712091,14.043152,3.57566041,0.735
Zewe_JBC_1962,Fig11,NAD,-0.514431472,0.00E+00,1.65E-05,1.08E-02,0.001803723,5.54409006,1.42876173,0.735
Zewe_JBC_1962,Fig11,NAD,-0.449857723,0.00E+00,1.65E-05,1.08E-02,0.001421333,7.03564728,1.63384991,0.735
Zewe_JBC_1962,Fig11,NAD,-0.387633678,0.00E+00,1.65E-05,1.08E-02,0.001067067,9.37148218,1.89612008,0.735
Zewe_JBC_1962,Fig11,NAD,-0.343978758,0.00E+00,1.65E-05,1.08E-02,0.000888333,11.2570356,2.13675985,0.735
Zewe_JBC_1962,Fig11,NAD,-0.282407618,0.00E+00,1.65E-05,1.08E-02,0.000713521,14.0150094,2.60262101,0.735
Zewe_JBC_1962,Fig11,NAD,-0.603071119,0.00E+00,8.30E-06,1.08E-02,0.001803723,5.54409006,1.21876173,0.735
Zewe_JBC_1962,Fig11,NAD,-0.572496827,0.00E+00,8.30E-06,1.08E-02,0.001421333,7.03564728,1.28384991,0.735
Zewe_JBC_1962,Fig11,NAD,-0.512509385,0.00E+00,8.30E-06,1.08E-02,0.001067067,9.37148218,1.43412008,0.735
Zewe_JBC_1962,Fig11,NAD,-0.444452386,0.00E+00,8.30E-06,1.08E-02,0.00089056,11.2288931,1.65372045,0.735
Zewe_JBC_1962,Fig11,NAD,-0.387735732,0.00E+00,8.30E-06,1.08E-02,0.000713521,14.0150094,1.89562101,0.735
Zewe_JBC_1962,Fig11,NAD,-0.668350528,0.00E+00,4.10E-06,1.08E-02,0.001812925,5.51594747,1.09972233,0.735
Zewe_JBC_1962,Fig11,NAD,-0.630982579,0.00E+00,4.10E-06,1.08E-02,0.001421333,7.03564728,1.16484991,0.735
Zewe_JBC_1962,Fig11,NAD,-0.583759255,0.00E+00,4.10E-06,1.08E-02,0.001070281,9.34333959,1.25908068,0.735
Zewe_JBC_1962,Fig11,NAD,-0.529645578,0.00E+00,4.10E-06,1.08E-02,0.00089056,11.2288931,1.38772045,0.735
Zewe_JBC_1962,Fig11,NAD,-0.456924284,0.00E+00,4.10E-06,1.08E-02,0.000714956,13.9868668,1.60858161,0.735
Zewe_JBC_1962,Fig11,NAD,-0.782946275,0.00E+00,0.00E+00,1.08E-02,0.001803723,5.54409006,0.93876173,0.735
Zewe_JBC_1962,Fig11,NAD,-0.732181168,0.00E+00,0.00E+00,1.08E-02,0.001421333,7.03564728,1.00384991,0.735
Zewe_JBC_1962,Fig11,NAD,-0.677969178,0.00E+00,0.00E+00,1.08E-02,0.001067067,9.37148218,1.08412008,0.735
Zewe_JBC_1962,Fig11,NAD,-0.631616369,0.00E+00,0.00E+00,1.08E-02,0.000892797,11.2007505,1.16368105,0.735
Zewe_JBC_1962,Fig11,NAD,-0.583954174,0.00E+00,0.00E+00,1.08E-02,0.000712091,14.043152,1.25866041,0.735
Zewe_JBC_1962,Fig12,Lactate,-0.304466528,0.00E+00,1.65E-05,0.011838555,1.47E-03,0.84469765,1.66154409,0.50588456
Zewe_JBC_1962,Fig12,Lactate,-0.286296161,0.00E+00,1.65E-05,0.009736521,1.47E-03,1.02706094,1.76699736,0.50588456
Zewe_JBC_1962,Fig12,Lactate,-0.228113443,0.00E+00,1.65E-05,0.006741615,1.47E-03,1.48332411,2.2176885,0.50588456
Zewe_JBC_1962,Fig12,Lactate,-0.164782842,0.00E+00,1.65E-05,0.004448894,1.47E-03,2.24774976,3.0700075,0.50588456
Zewe_JBC_1962,Fig12,Lactate,-0.131579039,0.00E+00,1.65E-05,0.003338954,1.47E-03,2.99495035,3.84471997,0.50588456
Zewe_JBC_1962,Fig12,Lactate,-0.37446007,0.00E+00,8.30E-06,0.011927257,1.47E-03,0.83841572,1.35097064,0.50588456
Zewe_JBC_1962,Fig12,Lactate,-0.361365014,0.00E+00,8.30E-06,0.009689387,1.47E-03,1.03205701,1.39992678,0.50588456
Zewe_JBC_1962,Fig12,Lactate,-0.306043017,0.00E+00,8.30E-06,0.006746489,1.47E-03,1.48225256,1.65298514,0.50588456
Zewe_JBC_1962,Fig12,Lactate,-0.221251519,0.00E+00,8.30E-06,0.004440585,1.47E-03,2.25195557,2.28646819,0.50588456
Zewe_JBC_1962,Fig12,Lactate,-0.177539678,0.00E+00,8.30E-06,0.003334718,1.47E-03,2.99875433,2.8494169,0.50588456
Zewe_JBC_1962,Fig12,Lactate,-0.470299639,0.00E+00,4.10E-06,0.011854157,1.47E-03,0.84358592,1.07566436,0.50588456
Zewe_JBC_1962,Fig12,Lactate,-0.455539964,0.00E+00,4.10E-06,0.009694546,1.47E-03,1.03150784,1.11051631,0.50588456
Zewe_JBC_1962,Fig12,Lactate,-0.371002441,0.00E+00,4.10E-06,0.006723159,1.47E-03,1.48739597,1.36356127,0.50588456
Zewe_JBC_1962,Fig12,Lactate,-0.25974151,0.00E+00,4.10E-06,0.004441853,1.47E-03,2.25131264,1.94764618,0.50588456
Zewe_JBC_1962,Fig12,Lactate,-0.219387992,0.00E+00,4.10E-06,0.003335865,1.47E-03,2.99772297,2.30588992,0.50588456
Zewe_JBC_1962,Fig12,Lactate,-0.525464917,0.00E+00,0.00E+00,0.011937746,1.47E-03,0.83767904,0.96273708,0.50588456
Zewe_JBC_1962,Fig12,Lactate,-0.507113992,0.00E+00,0.00E+00,0.00969656,1.47E-03,1.03129353,0.99757563,0.50588456
Zewe_JBC_1962,Fig12,Lactate,-0.418676491,0.00E+00,0.00E+00,0.006776371,1.47E-03,1.47571615,1.20829464,0.50588456
Zewe_JBC_1962,Fig12,Lactate,-0.305071512,0.00E+00,0.00E+00,0.004454202,1.47E-03,2.2450709,1.6582491,0.50588456
Zewe_JBC_1962,Fig12,Lactate,-0.252645615,0.00E+00,0.00E+00,0.003330181,1.47E-03,3.00283959,2.00234847,0.50588456
Zewe_JBC_1962,Fig13,NADH,0.613516367,4.60E-04,4.70776E-05,0,9.66E-04,2.12415031,1.96473029,1.205394191
Zewe_JBC_1962,Fig13,NADH,0.531078611,4.60E-04,3.42278E-05,0,9.66E-04,2.921600075,2.269709544,1.205394191
Zewe_JBC_1962,Fig13,NADH,0.422238372,4.60E-04,2.22944E-05,0,9.66E-04,4.485430556,2.854771784,1.205394191
Zewe_JBC_1962,Fig13,NADH,0.369123253,4.60E-04,1.81252E-05,0,9.66E-04,5.517170964,3.265560166,1.205394191
Zewe_JBC_1962,Fig13,NADH,0.325672646,4.60E-04,1.42761E-05,0,9.66E-04,7.00469952,3.701244813,1.205394191
Zewe_JBC_1962,Fig13,NADH,0.627429806,4.60E-04,4.67166E-05,0,6.44E-04,2.140565994,1.921161826,1.205394191
Zewe_JBC_1962,Fig13,NADH,0.57016683,4.60E-04,3.41992E-05,0,6.44E-04,2.924047741,2.114107884,1.205394191
Zewe_JBC_1962,Fig13,NADH,0.444529457,4.60E-04,2.22054E-05,0,6.44E-04,4.503412747,2.711618257,1.205394191
Zewe_JBC_1962,Fig13,NADH,0.399587345,4.60E-04,1.81124E-05,0,6.44E-04,5.52108723,3.01659751,1.205394191
Zewe_JBC_1962,Fig13,NADH,0.344194313,4.60E-04,1.43019E-05,0,6.44E-04,6.992102196,3.502074689,1.205394191
Zewe_JBC_1962,Fig13,NADH,0.66858458,4.60E-04,4.66761E-05,0,3.82E-04,2.14242622,1.802904564,1.205394191
Zewe_JBC_1962,Fig13,NADH,0.603950104,4.60E-04,3.41774E-05,0,3.82E-04,2.925907968,1.995850622,1.205394191
Zewe_JBC_1962,Fig13,NADH,0.519677996,4.60E-04,2.22526E-05,0,3.82E-04,4.493850529,2.319502075,1.205394191
Zewe_JBC_1962,Fig13,NADH,0.465918204,4.60E-04,1.81419E-05,0,3.82E-04,5.512112453,2.587136929,1.205394191
Zewe_JBC_1962,Fig13,NADH,0.384513567,4.60E-04,1.43222E-05,0,3.82E-04,6.982148352,3.134854772,1.205394191
Zewe_JBC_1962,Fig13,NADH,0.76346912,4.60E-04,4.69435E-05,0,0.00E+00,2.130220523,1.578838174,1.205394191
Zewe_JBC_1962,Fig13,NADH,0.675581395,4.60E-04,3.41386E-05,0,0.00E+00,2.929236794,1.784232365,1.205394191
Zewe_JBC_1962,Fig13,NADH,0.6484375,4.60E-04,2.22947E-05,0,0.00E+00,4.485365285,1.858921162,1.205394191
Zewe_JBC_1962,Fig13,NADH,0.56027001,4.60E-04,1.80678E-05,0,0.00E+00,5.534696256,2.151452282,1.205394191
Zewe_JBC_1962,Fig13,NADH,0.483361065,4.60E-04,1.42695E-05,0,0.00E+00,7.007963075,2.493775934,1.205394191
Zewe_JBC_1962,Fig14,Pyruvate,0.391399528,0.000716061,3.50E-05,0,2.06E-03,1.396528423,3.983678488,1.559209879
Zewe_JBC_1962,Fig14,Pyruvate,0.421866615,0.000472721,3.50E-05,0,2.06E-03,2.115410815,3.695978362,1.559209879
Zewe_JBC_1962,Fig14,Pyruvate,0.437089775,0.000305612,3.50E-05,0,2.06E-03,3.272127206,3.567253156,1.559209879
Zewe_JBC_1962,Fig14,Pyruvate,0.382240065,0.000184411,3.50E-05,0,2.06E-03,5.422683642,4.079137752,1.559209879
Zewe_JBC_1962,Fig14,Pyruvate,0.358159442,0.000137829,3.50E-05,0,2.06E-03,7.255355809,4.353395989,1.559209879
Zewe_JBC_1962,Fig14,Pyruvate,0.458857355,0.000742961,3.50E-05,0,1.53E-03,1.345966523,3.39802743,1.559209879
Zewe_JBC_1962,Fig14,Pyruvate,0.518854905,0.000481092,3.50E-05,0,1.53E-03,2.078604084,3.005098082,1.559209879
Zewe_JBC_1962,Fig14,Pyruvate,0.533508957,0.000304111,3.50E-05,0,1.53E-03,3.288272043,2.922556144,1.559209879
Zewe_JBC_1962,Fig14,Pyruvate,0.438864478,0.000184331,3.50E-05,0,1.53E-03,5.425015027,3.552827714,1.559209879
Zewe_JBC_1962,Fig14,Pyruvate,0.387434064,0.000137802,3.50E-05,0,1.53E-03,7.256812925,4.024452216,1.559209879
Zewe_JBC_1962,Fig14,Pyruvate,0.591757931,0.000741099,3.50E-05,0,5.09E-04,1.34934703,2.634877876,1.559209879
Zewe_JBC_1962,Fig14,Pyruvate,0.658743002,0.000480439,3.50E-05,0,5.09E-04,2.081430887,2.366947161,1.559209879
Zewe_JBC_1962,Fig14,Pyruvate,0.624943332,0.000302713,3.50E-05,0,5.09E-04,3.303455185,2.494962024,1.559209879
Zewe_JBC_1962,Fig14,Pyruvate,0.556297239,0.000184218,3.50E-05,0,5.09E-04,5.428337249,2.802835911,1.559209879
Zewe_JBC_1962,Fig14,Pyruvate,0.481988213,0.000137988,3.50E-05,0,5.09E-04,7.24702111,3.234954374,1.559209879
Zewe_JBC_1962,Fig14,Pyruvate,0.84788868,0.000718009,3.50E-05,0,0.00E+00,1.392739923,1.838932299,1.559209879
Zewe_JBC_1962,Fig14,Pyruvate,0.765055056,0.000477059,3.50E-05,0,0.00E+00,2.096176894,2.038036173,1.559209879
Zewe_JBC_1962,Fig14,Pyruvate,0.672846886,0.000302641,3.50E-05,0,0.00E+00,3.304242027,2.317332386,1.559209879
Zewe_JBC_1962,Fig14,Pyruvate,0.578004509,0.000184203,3.50E-05,0,0.00E+00,5.428803526,2.697573903,1.559209879
Zewe_JBC_1962,Fig14,Pyruvate,0.502413018,0.000137473,3.50E-05,0,0.00E+00,7.274181739,3.103442435,1.559209879
Wang_EurJBioch_1977,Fig1,Pyruvate,0.166626637,0.00101486,7.10E-06,0,0.00E+00,0.985358068,22.60384263,3.766402276
Wang_EurJBioch_1977,Fig1,Pyruvate,0.198029298,0.000501053,7.10E-06,0,0.00E+00,1.995797977,19.01941943,3.766402276
Wang_EurJBioch_1977,Fig1,Pyruvate,0.225621813,0.000252983,7.10E-06,0,0.00E+00,3.952833108,16.69343149,3.766402276
Wang_EurJBioch_1977,Fig1,Pyruvate,0.204593444,0.000126928,7.10E-06,0,0.00E+00,7.878467076,18.40920319,3.766402276
Wang_EurJBioch_1977,Fig1,Pyruvate,0.178353643,7.22554E-05,7.10E-06,0,0.00E+00,13.83980195,21.11760778,3.766402276
Wang_EurJBioch_1977,Fig1,Pyruvate,0.152344814,5.0498E-05,7.10E-06,0,0.00E+00,19.80276552,24.72287822,3.766402276
Wang_EurJBioch_1977,Fig1,Pyruvate,0.117636685,3.35936E-05,7.10E-06,0,0.00E+00,29.76758579,32.01724241,3.766402276
Wang_EurJBioch_1977,Fig1,Pyruvate,0.198999495,0.001021784,9.10E-06,0,0.00E+00,0.978680435,18.92669262,3.766402276
Wang_EurJBioch_1977,Fig1,Pyruvate,0.235841231,0.000502447,9.10E-06,0,0.00E+00,1.990260428,15.97007552,3.766402276
Wang_EurJBioch_1977,Fig1,Pyruvate,0.251271279,0.000253181,9.10E-06,0,0.00E+00,3.949738595,14.98938636,3.766402276
Wang_EurJBioch_1977,Fig1,Pyruvate,0.235581755,0.000126999,9.10E-06,0,0.00E+00,7.87406961,15.98766538,3.766402276
Wang_EurJBioch_1977,Fig1,Pyruvate,0.197661432,7.22749E-05,9.10E-06,0,0.00E+00,13.83605596,19.05481631,3.766402276
Wang_EurJBioch_1977,Fig1,Pyruvate,0.166873527,5.0508E-05,9.10E-06,0,0.00E+00,19.79885666,22.57040017,3.766402276
Wang_EurJBioch_1977,Fig1,Pyruvate,0.137244506,3.36852E-05,9.10E-06,0,0.00E+00,29.68663985,27.44300939,3.766402276
Wang_EurJBioch_1977,Fig1,Pyruvate,0.291569303,0.001033305,1.25E-05,0,0.00E+00,0.967768205,12.91769138,3.766402276
Wang_EurJBioch_1977,Fig1,Pyruvate,0.315437218,0.000248952,1.25E-05,0,0.00E+00,4.016840665,11.94025961,3.766402276
Wang_EurJBioch_1977,Fig1,Pyruvate,0.289095576,0.000125923,1.25E-05,0,0.00E+00,7.941334549,13.02822522,3.766402276
Wang_EurJBioch_1977,Fig1,Pyruvate,0.234008392,7.2303E-05,1.25E-05,0,0.00E+00,13.83068128,16.09515899,3.766402276
Wang_EurJBioch_1977,Fig1,Pyruvate,0.196550396,5.0339E-05,1.25E-05,0,0.00E+00,19.86530725,19.16252708,3.766402276
Wang_EurJBioch_1977,Fig1,Pyruvate,0.148925391,3.36896E-05,1.25E-05,0,0.00E+00,29.68273099,25.29053133,3.766402276
Wang_EurJBioch_1977,Fig1,Pyruvate,0.392362682,0.00103978,2.50E-05,0,0.00E+00,0.961742048,9.599287719,3.766402276
Wang_EurJBioch_1977,Fig1,Pyruvate,0.44614791,0.000258718,2.50E-05,0,0.00E+00,3.865209531,8.442048459,3.766402276
Wang_EurJBioch_1977,Fig1,Pyruvate,0.423065665,0.000126042,2.50E-05,0,0.00E+00,7.933842571,8.90264228,3.766402276
Wang_EurJBioch_1977,Fig1,Pyruvate,0.310013227,7.19624E-05,2.50E-05,0,0.00E+00,13.89615466,12.14916638,3.766402276
Wang_EurJBioch_1977,Fig1,Pyruvate,0.266367699,5.05471E-05,2.50E-05,0,0.00E+00,19.78354696,14.13986113,3.766402276
Wang_EurJBioch_1977,Fig1,Pyruvate,0.213183869,3.3623E-05,2.50E-05,0,0.00E+00,29.74152673,17.66738872,3.766402276
Wang_EurJBioch_1977,Fig1,Pyruvate,0.76311158,0.001049018,1.00E-04,0,0.00E+00,0.953272855,4.93558527,3.766402276
Wang_EurJBioch_1977,Fig1,Pyruvate,0.872522387,0.00025443,1.00E-04,0,0.00E+00,3.930357172,4.316682682,3.766402276
Wang_EurJBioch_1977,Fig1,Pyruvate,0.597677384,0.000126117,1.00E-04,0,0.00E+00,7.929119367,6.301731299,3.766402276
Wang_EurJBioch_1977,Fig1,Pyruvate,0.418018365,7.19919E-05,1.00E-04,0,0.00E+00,13.89045424,9.010135887,3.766402276
Wang_EurJBioch_1977,Fig1,Pyruvate,0.342367595,5.03766E-05,1.00E-04,0,0.00E+00,19.85048616,11.00104779,3.766402276
Wang_EurJBioch_1977,Fig1,Pyruvate,0.267497455,3.35484E-05,1.00E-04,0,0.00E+00,29.80765159,14.08014246,3.766402276
Wang_EurJBioch_1977,Fig2A,NADH,0.157373551,3.33E-05,0.00010153,0,0.00E+00,9.84930247,14.0474477,2.21069673
Wang_EurJBioch_1977,Fig2A,NADH,0.119290791,3.33E-05,2.5508E-05,0,0.00E+00,39.2033417,18.5319982,2.21069673
Wang_EurJBioch_1977,Fig2A,NADH,0.087652149,3.33E-05,1.25587E-05,0,0.00E+00,79.6258544,25.2212496,2.21069673
Wang_EurJBioch_1977,Fig2A,NADH,0.081333873,3.33E-05,9.34429E-06,0,0.00E+00,107.017228,27.1805172,2.21069673
Wang_EurJBioch_1977,Fig2A,NADH,0.071059631,3.33E-05,7.13497E-06,0,0.00E+00,140.154695,31.1104449,2.21069673
Wang_EurJBioch_1977,Fig2A,NADH,0.201545161,5.00E-05,0.000106478,0,0.00E+00,9.3916137,10.9687413,2.21069673
Wang_EurJBioch_1977,Fig2A,NADH,0.15843981,5.00E-05,2.53375E-05,0,0.00E+00,39.4671623,13.952912,2.21069673
Wang_EurJBioch_1977,Fig2A,NADH,0.115964061,5.00E-05,1.26438E-05,0,0.00E+00,79.0902187,19.0636367,2.21069673
Wang_EurJBioch_1977,Fig2A,NADH,0.099903357,5.00E-05,9.42242E-06,0,0.00E+00,106.129832,22.1283527,2.21069673
Wang_EurJBioch_1977,Fig2A,NADH,0.089445424,5.00E-05,7.1239E-06,0,0.00E+00,140.372547,24.7155934,2.21069673
Wang_EurJBioch_1977,Fig2A,NADH,0.247943333,7.14E-05,0.00010707,0,0.00E+00,9.33964904,8.91613703,2.21069673
Wang_EurJBioch_1977,Fig2A,NADH,0.184543771,7.14E-05,2.53696E-05,0,0.00E+00,39.4171963,11.9792541,2.21069673
Wang_EurJBioch_1977,Fig2A,NADH,0.137620843,7.14E-05,1.26559E-05,0,0.00E+00,79.0142703,16.0636767,2.21069673
Wang_EurJBioch_1977,Fig2A,NADH,0.115570276,7.14E-05,9.46305E-06,0,0.00E+00,105.674142,19.1285926,2.21069673
Wang_EurJBioch_1977,Fig2A,NADH,0.104458442,7.14E-05,7.16727E-06,0,0.00E+00,139.523124,21.1634089,2.21069673
Wang_EurJBioch_1977,Fig2A,NADH,0.373682433,1.25E-04,0.000103697,0,0.00E+00,9.64344246,5.91597714,2.21069673
Wang_EurJBioch_1977,Fig2A,NADH,0.280750292,1.25E-04,2.56848E-05,0,0.00E+00,38.9335252,7.87424551,2.21069673
Wang_EurJBioch_1977,Fig2A,NADH,0.171291852,1.25E-04,1.273E-05,0,0.00E+00,78.5545829,12.9060239,2.21069673
Wang_EurJBioch_1977,Fig2A,NADH,0.137740807,1.25E-04,9.47004E-06,0,0.00E+00,105.596195,16.0496862,2.21069673
Wang_EurJBioch_1977,Fig2A,NADH,0.119631405,1.25E-04,7.17076E-06,0,0.00E+00,139.45517,18.4792341,2.21069673
Wang_EurJBioch_1977,Fig2A,NADH,0.452096788,2.50E-04,0.000108252,0,0.00E+00,9.23771835,4.88987489,2.21069673
Wang_EurJBioch_1977,Fig2A,NADH,0.259910239,2.50E-04,2.54264E-05,0,0.00E+00,39.3292561,8.50561618,2.21069673
Wang_EurJBioch_1977,Fig2A,NADH,0.184867629,2.50E-04,1.26119E-05,0,0.00E+00,79.2900827,11.9582684,2.21069673
Wang_EurJBioch_1977,Fig2A,NADH,0.147152341,2.50E-04,9.43842E-06,0,0.00E+00,105.949954,15.0231842,2.21069673
Wang_EurJBioch_1977,Fig2A,NADH,0.133298787,2.50E-04,7.17323E-06,0,0.00E+00,139.407203,16.5845225,2.21069673
Wang_EurJBioch_1977,Fig2A,NADH,0.637337945,1.00E-03,0.000104368,0,0.00E+00,9.58148459,3.46864132,2.21069673
Wang_EurJBioch_1977,Fig2A,NADH,0.233857669,1.00E-03,2.56585E-05,0,0.00E+00,38.973498,9.45317184,2.21069673
Wang_EurJBioch_1977,Fig2A,NADH,0.166208358,1.00E-03,1.27284E-05,0,0.00E+00,78.5645761,13.3007555,2.21069673
Wang_EurJBioch_1977,Fig2A,NADH,0.111877573,1.00E-03,9.42775E-06,0,0.00E+00,106.069872,19.7599632,2.21069673
Wang_EurJBioch_1977,Fig2A,NADH,0.097886688,1.00E-03,7.14598E-06,0,0.00E+00,139.938842,22.5842427,2.21069673
Zewe_Biochem_1965,Fig1,Pyruvate,0.30869816,0.000730339,3.82E-05,9.60E-02,0.00E+00,0.136922629,0.517139269,0.159639941
Zewe_Biochem_1965,Fig1,Pyruvate,0.202596966,0.000345856,3.82E-05,9.60E-02,0.00E+00,0.289137457,0.787968075,0.159639941
Zewe_Biochem_1965,Fig1,Pyruvate,0.125685057,0.00017809,3.82E-05,9.60E-02,0.00E+00,0.561515371,1.270158483,0.159639941
Zewe_Biochem_1965,Fig1,Pyruvate,0.07432137,8.97654E-05,3.82E-05,9.60E-02,0.00E+00,1.114014533,2.147968222,0.159639941
Zewe_Biochem_1965,Fig1,Pyruvate,0.051519225,5.91496E-05,3.82E-05,9.60E-02,0.00E+00,1.690627636,3.098647937,0.159639941
Zewe_Biochem_1965,Fig1,Pyruvate,0.370737215,0.000704184,3.82E-05,7.20E-02,0.00E+00,0.142008243,0.430601338,0.159639941
Zewe_Biochem_1965,Fig1,Pyruvate,0.265290759,0.000349669,3.82E-05,7.20E-02,0.00E+00,0.28598473,0.601754625,0.159639941
Zewe_Biochem_1965,Fig1,Pyruvate,0.153892037,0.000178286,3.82E-05,7.20E-02,0.00E+00,0.560896612,1.037350236,0.159639941
Zewe_Biochem_1965,Fig1,Pyruvate,0.087303841,8.89841E-05,3.82E-05,7.20E-02,0.00E+00,1.123796826,1.828555749,0.159639941
Zewe_Biochem_1965,Fig1,Pyruvate,0.064022972,5.9581E-05,3.82E-05,7.20E-02,0.00E+00,1.678387984,2.493479086,0.159639941
Zewe_Biochem_1965,Fig1,Pyruvate,0.524694945,0.000719349,3.82E-05,3.60E-02,0.00E+00,0.139014626,0.304252866,0.159639941
Zewe_Biochem_1965,Fig1,Pyruvate,0.361055578,0.000353478,3.82E-05,3.60E-02,0.00E+00,0.282902718,0.442147832,0.159639941
Zewe_Biochem_1965,Fig1,Pyruvate,0.233137546,0.000176905,3.82E-05,3.60E-02,0.00E+00,0.565275072,0.684745738,0.159639941
Zewe_Biochem_1965,Fig1,Pyruvate,0.129100283,8.91088E-05,3.82E-05,3.60E-02,0.00E+00,1.122223409,1.236557635,0.159639941
Zewe_Biochem_1965,Fig1,Pyruvate,0.091292809,6.0128E-05,3.82E-05,3.60E-02,0.00E+00,1.663119358,1.748658434,0.159639941
Zewe_Biochem_1965,Fig1,Pyruvate,0.711303663,0.000720448,3.82E-05,0.00E+00,0.00E+00,0.138802479,0.224432896,0.159639941
Zewe_Biochem_1965,Fig1,Pyruvate,0.578707042,0.000354031,3.82E-05,0.00E+00,0.00E+00,0.282460747,0.275856227,0.159639941
Zewe_Biochem_1965,Fig1,Pyruvate,0.369523517,0.000177953,3.82E-05,0.00E+00,0.00E+00,0.561945557,0.432015646,0.159639941
Zewe_Biochem_1965,Fig1,Pyruvate,0.261161925,8.90298E-05,3.82E-05,0.00E+00,0.00E+00,1.123219317,0.611268052,0.159639941
Zewe_Biochem_1965,Fig1,Pyruvate,0.203647845,5.94595E-05,3.82E-05,0.00E+00,0.00E+00,1.68181768,0.783901941,0.159639941
Zewe_Biochem_1965,Fig2,Lactate,-0.33898305,1.56E-04,0.00E+00,0.035347084,5.89E-04,0.28290877,0.37184874,0.12605042
Zewe_Biochem_1965,Fig2,Lactate,-0.178571429,1.56E-04,0.00E+00,0.017292729,5.89E-04,0.57827771,0.70588235,0.12605042
Zewe_Biochem_1965,Fig2,Lactate,-0.09569378,1.56E-04,0.00E+00,0.008694985,5.89E-04,1.15008825,1.31722689,0.12605042
Zewe_Biochem_1965,Fig2,Lactate,-0.048661801,1.56E-04,0.00E+00,0.004335848,5.89E-04,2.30635389,2.59033613,0.12605042
Zewe_Biochem_1965,Fig2,Lactate,-0.444444437,7.80E-05,0.00E+00,0.034602798,5.89E-04,0.28899397,0.28361345,0.12605042
Zewe_Biochem_1965,Fig2,Lactate,-0.285714286,7.80E-05,0.00E+00,0.017499193,5.89E-04,0.57145491,0.44117647,0.12605042
Zewe_Biochem_1965,Fig2,Lactate,-0.172413792,7.80E-05,0.00E+00,0.008800306,5.89E-04,1.13632412,0.73109244,0.12605042
Zewe_Biochem_1965,Fig2,Lactate,-0.082987552,7.80E-05,0.00E+00,0.00436381,5.89E-04,2.29157556,1.51890756,0.12605042
Zewe_Biochem_1965,Fig2,Lactate,-0.050890585,7.80E-05,0.00E+00,0.002598458,5.89E-04,3.84843655,2.47689076,0.12605042
Zewe_Biochem_1965,Fig2,Lactate,-0.555555546,3.90E-05,0.00E+00,0.033176892,5.89E-04,0.30141461,0.22689076,0.12605042
Zewe_Biochem_1965,Fig2,Lactate,-0.425531911,3.90E-05,0.00E+00,0.017508475,5.89E-04,0.57115197,0.29621849,0.12605042
Zewe_Biochem_1965,Fig2,Lactate,-0.263157893,3.90E-05,0.00E+00,0.008756055,5.89E-04,1.14206686,0.4789916,0.12605042
Zewe_Biochem_1965,Fig2,Lactate,-0.145985401,3.90E-05,0.00E+00,0.00436642,5.89E-04,2.29020574,0.86344538,0.12605042
Zewe_Biochem_1965,Fig2,Lactate,-0.089285714,3.90E-05,0.00E+00,0.002604207,5.89E-04,3.83994099,1.41176471,0.12605042
Zewe_Biochem_1965,Fig2,Lactate,-0.833333355,0.00E+00,0.00E+00,0.034635949,5.89E-04,0.28871737,0.1512605,0.12605042
Zewe_Biochem_1965,Fig2,Lactate,-0.606060615,0.00E+00,0.00E+00,0.01751413,5.89E-04,0.57096757,0.20798319,0.12605042
Zewe_Biochem_1965,Fig2,Lactate,-0.444444437,0.00E+00,0.00E+00,0.008711347,5.89E-04,1.14792814,0.28361345,0.12605042
Zewe_Biochem_1965,Fig2,Lactate,-0.289855072,0.00E+00,0.00E+00,0.004356198,5.89E-04,2.29557967,0.43487395,0.12605042
Zewe_Biochem_1965,Fig2,Lactate,-0.217391305,0.00E+00,0.00E+00,0.002601137,5.89E-04,3.84447196,0.57983193,0.12605042
Zewe_Biochem_1965,Fig3,Lactate,-0.297843995,0.00E+00,2.25E-05,0.035600046,5.35E-04,0.280898516,0.289293996,0.086164479
Zewe_Biochem_1965,Fig3,Lactate,-0.214517599,0.00E+00,2.25E-05,0.01733735,5.35E-04,0.576789419,0.401666249,0.086164479
Zewe_Biochem_1965,Fig3,Lactate,-0.145980476,0.00E+00,2.25E-05,0.008817043,5.35E-04,1.1341671,0.590246597,0.086164479
Zewe_Biochem_1965,Fig3,Lactate,-0.071618108,0.00E+00,2.25E-05,0.004375242,5.35E-04,2.285587652,1.203110246,0.086164479
Zewe_Biochem_1965,Fig3,Lactate,-0.04306896,0.00E+00,2.25E-05,0.00261869,5.35E-04,3.818703871,2.000616653,0.086164479
Zewe_Biochem_1965,Fig3,Lactate,-0.359933455,0.00E+00,1.58E-05,0.034965187,5.35E-04,0.285998754,0.239390027,0.086164479
Zewe_Biochem_1965,Fig3,Lactate,-0.261859212,0.00E+00,1.58E-05,0.016864438,5.35E-04,0.592963727,0.329048876,0.086164479
Zewe_Biochem_1965,Fig3,Lactate,-0.163587361,0.00E+00,1.58E-05,0.008735313,5.35E-04,1.144778679,0.52671844,0.086164479
Zewe_Biochem_1965,Fig3,Lactate,-0.082505551,0.00E+00,1.58E-05,0.00435707,5.35E-04,2.295120087,1.044347664,0.086164479
Zewe_Biochem_1965,Fig3,Lactate,-0.052319549,0.00E+00,1.58E-05,0.002621441,5.35E-04,3.814695624,1.64688879,0.086164479
Zewe_Biochem_1965,Fig3,Lactate,-0.433913437,0.00E+00,7.88E-06,0.035021821,5.35E-04,0.285536264,0.198575273,0.086164479
Zewe_Biochem_1965,Fig3,Lactate,-0.308630329,0.00E+00,7.88E-06,0.017043529,5.35E-04,0.586732957,0.279183448,0.086164479
Zewe_Biochem_1965,Fig3,Lactate,-0.208457008,0.00E+00,7.88E-06,0.008745127,5.35E-04,1.143493984,0.413344125,0.086164479
Zewe_Biochem_1965,Fig3,Lactate,-0.11854012,0.00E+00,7.88E-06,0.004353147,5.35E-04,2.297188445,0.726880311,0.086164479
Zewe_Biochem_1965,Fig3,Lactate,-0.069559175,0.00E+00,7.88E-06,0.002620726,5.35E-04,3.815736226,1.238721986,0.086164479
Zewe_Biochem_1965,Fig3,Lactate,-0.530911106,0.00E+00,3.98E-06,0.035072317,5.35E-04,0.285125161,0.162295493,0.086164479
Zewe_Biochem_1965,Fig3,Lactate,-0.38335572,0.00E+00,3.98E-06,0.01706146,5.35E-04,0.586116303,0.224763777,0.086164479
Zewe_Biochem_1965,Fig3,Lactate,-0.256236867,0.00E+00,3.98E-06,0.008795424,5.35E-04,1.136954888,0.336268861,0.086164479
Zewe_Biochem_1965,Fig3,Lactate,-0.154121905,0.00E+00,3.98E-06,0.004346026,5.35E-04,2.300952601,0.559067055,0.086164479
Zewe_Biochem_1965,Fig3,Lactate,-0.101532756,0.00E+00,3.98E-06,0.002608256,5.35E-04,3.833978892,0.84863726,0.086164479
Zewe_Biochem_1965,Fig3,Lactate,-0.736790069,0.00E+00,0.00E+00,0.035135641,5.35E-04,0.284611283,0.116945767,0.086164479
Zewe_Biochem_1965,Fig3,Lactate,-0.505826012,0.00E+00,0.00E+00,0.01707943,5.35E-04,0.58549965,0.170344105,0.086164479
Zewe_Biochem_1965,Fig3,Lactate,-0.338404097,0.00E+00,0.00E+00,0.008758904,5.35E-04,1.141695412,0.254620084,0.086164479
Zewe_Biochem_1965,Fig3,Lactate,-0.205897251,0.00E+00,0.00E+00,0.004349037,5.35E-04,2.29935958,0.418482904,0.086164479
Zewe_Biochem_1965,Fig3,Lactate,-0.143809769,0.00E+00,0.00E+00,0.002598652,5.35E-04,3.848149076,0.599155956,0.086164479
Zewe_Biochem_1965,Fig4,Pyruvate,0.29303717,0.000699441,3.20E-05,0,2.06E-03,0.14297123,0.33341801,0.09770387
Zewe_Biochem_1965,Fig4,Pyruvate,0.246565214,0.000359853,3.20E-05,0,2.06E-03,0.27789134,0.39625975,0.09770387
Zewe_Biochem_1965,Fig4,Pyruvate,0.200666243,0.00017695,3.20E-05,0,2.06E-03,0.56513135,0.48689739,0.09770387
Zewe_Biochem_1965,Fig4,Pyruvate,0.11974422,8.98907E-05,3.20E-05,0,2.06E-03,1.11246165,0.81593809,0.09770387
Zewe_Biochem_1965,Fig4,Pyruvate,0.082793774,5.94414E-05,3.20E-05,0,2.06E-03,1.68232987,1.18008716,0.09770387
Zewe_Biochem_1965,Fig4,Pyruvate,0.327486385,0.000699799,3.20E-05,0,1.51E-03,0.14289827,0.29834483,0.09770387
Zewe_Biochem_1965,Fig4,Pyruvate,0.290672536,0.000363279,3.20E-05,0,1.51E-03,0.27527016,0.33613038,0.09770387
Zewe_Biochem_1965,Fig4,Pyruvate,0.230290924,0.000177776,3.20E-05,0,1.51E-03,0.56250497,0.42426279,0.09770387
Zewe_Biochem_1965,Fig4,Pyruvate,0.14623489,8.99156E-05,3.20E-05,0,1.51E-03,1.1121542,0.66812968,0.09770387
Zewe_Biochem_1965,Fig4,Pyruvate,0.097244376,5.93662E-05,3.20E-05,0,1.51E-03,1.68446121,1.00472515,0.09770387
Zewe_Biochem_1965,Fig4,Pyruvate,0.533596604,0.000700974,3.20E-05,0,3.80E-04,0.14265856,0.18310437,0.09770387
Zewe_Biochem_1965,Fig4,Pyruvate,0.360533041,0.000360191,3.20E-05,0,3.80E-04,0.27763078,0.27099838,0.09770387
Zewe_Biochem_1965,Fig4,Pyruvate,0.332336296,0.000177862,3.20E-05,0,3.80E-04,0.56223399,0.29399097,0.09770387
Zewe_Biochem_1965,Fig4,Pyruvate,0.171277651,8.91317E-05,3.20E-05,0,3.80E-04,1.1219354,0.57044144,0.09770387
Zewe_Biochem_1965,Fig4,Pyruvate,0.099987204,5.94563E-05,3.20E-05,0,3.80E-04,1.68190778,0.97716374,0.09770387
Zewe_Biochem_1965,Fig4,Pyruvate,0.695363151,0.000726862,3.20E-05,0,0.00E+00,0.13757776,0.14050769,0.09770387
Zewe_Biochem_1965,Fig4,Pyruvate,0.563789733,0.00035724,3.20E-05,0,0.00E+00,0.27992366,0.17329842,0.09770387
Zewe_Biochem_1965,Fig4,Pyruvate,0.384801297,0.000177888,3.20E-05,0,0.00E+00,0.56215061,0.25390733,0.09770387
Zewe_Biochem_1965,Fig4,Pyruvate,0.229818809,8.93546E-05,3.20E-05,0,0.00E+00,1.11913704,0.42513435,0.09770387
Zewe_Biochem_1965,Fig4,Pyruvate,0.183918959,5.94891E-05,3.20E-05,0,0.00E+00,1.6809802,0.53123327,0.09770387