n_params,parent_n_params,loss,mechanism_type,parent_mechanism_type,rate_equation,retcode,error,eq_hash,fit_inherited,K_A_Areg,K_A_EP_to_E_P,K_A_ES_to_E_S,K_EP_to_E_P,K_ES_to_E_S,K_I_Areg,L,k_A_ES_to_EP
5,,6.857580240611984e-14,"AllostericEnzymeMechanism{EnzymeMechanism{(((((:Product, :P), ((:C, 1),)), ((:Substrate, :S), ((:C, 1),))), (), (2,)), (((((), :E, ((), ())), (((:Product, :P),), :E, ((), ())), ((:Product, :P),), (), true),), ((((), :E, ((), ())), (((:Substrate, :S),), :E, ((), ())), ((:Substrate, :S),), (), true),), (((((:Substrate, :S),), :E, ((), ())), (((:Product, :P),), :E, ((), ())), (), (), false),)))}, (2, (:EqualAI, :EqualAI, :OnlyA)), (((:A,), 2, (:OnlyA,)),)}",,"(; K_EP_to_E_P, K_ES_to_E_S, k_A_ES_to_EP, K_A_Areg, L, Keq, E_total) = params
(; S, P, A) = concs
# Haldane constraints:
k_A_EP_to_ES = (1 / Keq) * K_EP_to_E_P * (1 / K_ES_to_E_S) * k_A_ES_to_EP
v = E_total * ((k_A_ES_to_EP * S / K_ES_to_E_S - k_A_EP_to_ES * P / K_EP_to_E_P) * (1 + P / K_EP_to_E_P + S / K_ES_to_E_S) * (1 + A / K_A_Areg) ^ 2) / ((1 + P / K_EP_to_E_P + S / K_ES_to_E_S) ^ 2 * (1 + A / K_A_Areg) ^ 2 + L * (1 + P / K_EP_to_E_P + S / K_ES_to_E_S) ^ 2 * 1 ^ 2)",Success,,c19f06d608f3d3fc,false,0.9999997071030753,,,0.9999991300765109,0.9999978290148086,,99.99999809897308,0.9999999999999999
5,,3.1700639775610107,"AllostericEnzymeMechanism{EnzymeMechanism{(((((:Product, :P), ((:C, 1),)), ((:Substrate, :S), ((:C, 1),))), (), (2,)), (((((), :E, ((), ())), (((:Product, :P),), :E, ((), ())), ((:Product, :P),), (), true),), ((((), :E, ((), ())), (((:Substrate, :S),), :E, ((), ())), ((:Substrate, :S),), (), true),), (((((:Substrate, :S),), :E, ((), ())), (((:Product, :P),), :E, ((), ())), (), (), false),)))}, (2, (:EqualAI, :EqualAI, :OnlyA)), (((:A,), 2, (:OnlyI,)),)}",,"(; K_EP_to_E_P, K_ES_to_E_S, k_A_ES_to_EP, K_I_Areg, L, Keq, E_total) = params
(; S, P, A) = concs
# Haldane constraints:
k_A_EP_to_ES = (1 / Keq) * K_EP_to_E_P * (1 / K_ES_to_E_S) * k_A_ES_to_EP
v = E_total * ((k_A_ES_to_EP * S / K_ES_to_E_S - k_A_EP_to_ES * P / K_EP_to_E_P) * (1 + P / K_EP_to_E_P + S / K_ES_to_E_S) * 1 ^ 2) / ((1 + P / K_EP_to_E_P + S / K_ES_to_E_S) ^ 2 * 1 ^ 2 + L * (1 + P / K_EP_to_E_P + S / K_ES_to_E_S) ^ 2 * (1 + A / K_I_Areg) ^ 2)",Success,,5b4e5c10d80132e0,false,,,,0.9999967776852053,0.9999970035654757,3.251646184825879e6,3.05908048465656e-7,1.0000003059080484
5,,0.006467692463980074,"AllostericEnzymeMechanism{EnzymeMechanism{(((((:Product, :P), ((:C, 1),)), ((:Substrate, :S), ((:C, 1),))), (), (2,)), (((((), :E, ((), ())), (((:Product, :P),), :E, ((), ())), ((:Product, :P),), (), true),), ((((), :E, ((), ())), (((:Substrate, :S),), :E, ((), ())), ((:Substrate, :S),), (), true),), (((((:Substrate, :S),), :E, ((), ())), (((:Product, :P),), :E, ((), ())), (), (), false),)))}, (2, (:OnlyA, :EqualAI, :OnlyA)), (((:A,), 2, (:OnlyA,)),)}",,"(; K_A_EP_to_E_P, K_ES_to_E_S, k_A_ES_to_EP, K_A_Areg, L, Keq, E_total) = params
(; S, P, A) = concs
# Haldane constraints:
k_A_EP_to_ES = (1 / Keq) * K_A_EP_to_E_P * (1 / K_ES_to_E_S) * k_A_ES_to_EP
v = E_total * ((k_A_ES_to_EP * S / K_ES_to_E_S - k_A_EP_to_ES * P / K_A_EP_to_E_P) * (1 + P / K_A_EP_to_E_P + S / K_ES_to_E_S) * (1 + A / K_A_Areg) ^ 2) / ((1 + P / K_A_EP_to_E_P + S / K_ES_to_E_S) ^ 2 * (1 + A / K_A_Areg) ^ 2 + L * (1 + S / K_ES_to_E_S) ^ 2 * 1 ^ 2)",Success,,50d90d76792e1b6d,false,0.9999997981160331,3.26898399463066e6,,,1.2840897958051303,,99.99990699283354,1.0
5,,3.1700639775597215,"AllostericEnzymeMechanism{EnzymeMechanism{(((((:Product, :P), ((:C, 1),)), ((:Substrate, :S), ((:C, 1),))), (), (2,)), (((((), :E, ((), ())), (((:Product, :P),), :E, ((), ())), ((:Product, :P),), (), true),), ((((), :E, ((), ())), (((:Substrate, :S),), :E, ((), ())), ((:Substrate, :S),), (), true),), (((((:Substrate, :S),), :E, ((), ())), (((:Product, :P),), :E, ((), ())), (), (), false),)))}, (2, (:OnlyA, :EqualAI, :OnlyA)), (((:A,), 2, (:OnlyI,)),)}",,"(; K_A_EP_to_E_P, K_ES_to_E_S, k_A_ES_to_EP, K_I_Areg, L, Keq, E_total) = params
(; S, P, A) = concs
# Haldane constraints:
k_A_EP_to_ES = (1 / Keq) * K_A_EP_to_E_P * (1 / K_ES_to_E_S) * k_A_ES_to_EP
v = E_total * ((k_A_ES_to_EP * S / K_ES_to_E_S - k_A_EP_to_ES * P / K_A_EP_to_E_P) * (1 + P / K_A_EP_to_E_P + S / K_ES_to_E_S) * 1 ^ 2) / ((1 + P / K_A_EP_to_E_P + S / K_ES_to_E_S) ^ 2 * 1 ^ 2 + L * (1 + S / K_ES_to_E_S) ^ 2 * (1 + A / K_I_Areg) ^ 2)",Success,,3a072f466fde75d2,false,,1.0000049900581527,,,1.0000027699670297,3.263100864494636e6,3.071351982798468e-7,1.0000003071351984
5,,0.1354175841939596,"AllostericEnzymeMechanism{EnzymeMechanism{(((((:Product, :P), ((:C, 1),)), ((:Substrate, :S), ((:C, 1),))), (), (2,)), (((((), :E, ((), ())), (((:Product, :P),), :E, ((), ())), ((:Product, :P),), (), true),), ((((), :E, ((), ())), (((:Substrate, :S),), :E, ((), ())), ((:Substrate, :S),), (), true),), (((((:Substrate, :S),), :E, ((), ())), (((:Product, :P),), :E, ((), ())), (), (), false),)))}, (2, (:EqualAI, :OnlyA, :OnlyA)), (((:A,), 2, (:OnlyA,)),)}",,"(; K_A_ES_to_E_S, K_EP_to_E_P, k_A_ES_to_EP, K_A_Areg, L, Keq, E_total) = params
(; S, P, A) = concs
# Haldane constraints:
k_A_EP_to_ES = (1 / Keq) * (1 / K_A_ES_to_E_S) * K_EP_to_E_P * k_A_ES_to_EP
v = E_total * ((k_A_ES_to_EP * S / K_A_ES_to_E_S - k_A_EP_to_ES * P / K_EP_to_E_P) * (1 + S / K_A_ES_to_E_S + P / K_EP_to_E_P) * (1 + A / K_A_Areg) ^ 2) / ((1 + S / K_A_ES_to_E_S + P / K_EP_to_E_P) ^ 2 * (1 + A / K_A_Areg) ^ 2 + L * (1 + P / K_EP_to_E_P) ^ 2 * 1 ^ 2)",Success,,1c7a770cb51f0a1f,false,1.0000003147449008,,3.2690173688397817e6,2.591862627803135,,,100.00023580672976,1.0
5,,3.1700639775565738,"AllostericEnzymeMechanism{EnzymeMechanism{(((((:Product, :P), ((:C, 1),)), ((:Substrate, :S), ((:C, 1),))), (), (2,)), (((((), :E, ((), ())), (((:Product, :P),), :E, ((), ())), ((:Product, :P),), (), true),), ((((), :E, ((), ())), (((:Substrate, :S),), :E, ((), ())), ((:Substrate, :S),), (), true),), (((((:Substrate, :S),), :E, ((), ())), (((:Product, :P),), :E, ((), ())), (), (), false),)))}, (2, (:EqualAI, :OnlyA, :OnlyA)), (((:A,), 2, (:OnlyI,)),)}",,"(; K_A_ES_to_E_S, K_EP_to_E_P, k_A_ES_to_EP, K_I_Areg, L, Keq, E_total) = params
(; S, P, A) = concs
# Haldane constraints:
k_A_EP_to_ES = (1 / Keq) * (1 / K_A_ES_to_E_S) * K_EP_to_E_P * k_A_ES_to_EP
v = E_total * ((k_A_ES_to_EP * S / K_A_ES_to_E_S - k_A_EP_to_ES * P / K_EP_to_E_P) * (1 + S / K_A_ES_to_E_S + P / K_EP_to_E_P) * 1 ^ 2) / ((1 + S / K_A_ES_to_E_S + P / K_EP_to_E_P) ^ 2 * 1 ^ 2 + L * (1 + P / K_EP_to_E_P) ^ 2 * (1 + A / K_I_Areg) ^ 2)",Success,,4dfa9e4e8a118c95,false,,,0.99999760342214,1.000004349894124,,2.8865641512709274e6,3.885105702621326e-7,1.0
5,,0.1402159462931622,"AllostericEnzymeMechanism{EnzymeMechanism{(((((:Product, :P), ((:C, 1),)), ((:Substrate, :S), ((:C, 1),))), (), (2,)), (((((), :E, ((), ())), (((:Product, :P),), :E, ((), ())), ((:Product, :P),), (), true),), ((((), :E, ((), ())), (((:Substrate, :S),), :E, ((), ())), ((:Substrate, :S),), (), true),), (((((:Substrate, :S),), :E, ((), ())), (((:Product, :P),), :E, ((), ())), (), (), false),)))}, (2, (:OnlyA, :OnlyA, :OnlyA)), (((:A,), 2, (:OnlyA,)),)}",,"(; K_A_EP_to_E_P, K_A_ES_to_E_S, k_A_ES_to_EP, K_A_Areg, L, Keq, E_total) = params
(; S, P, A) = concs
# Haldane constraints:
k_A_EP_to_ES = (1 / Keq) * K_A_EP_to_E_P * (1 / K_A_ES_to_E_S) * k_A_ES_to_EP
v = E_total * ((k_A_ES_to_EP * S / K_A_ES_to_E_S - k_A_EP_to_ES * P / K_A_EP_to_E_P) * (1 + P / K_A_EP_to_E_P + S / K_A_ES_to_E_S) * (1 + A / K_A_Areg) ^ 2) / ((1 + P / K_A_EP_to_E_P + S / K_A_ES_to_E_S) ^ 2 * (1 + A / K_A_Areg) ^ 2 + L * 1 ^ 2 * 1 ^ 2)",Success,,bc1f7a539d029241,false,0.9999995228043764,3.2690139595201453e6,3.2690173721068366e6,,,,100.00032304780028,1.0
5,,3.170063977554897,"AllostericEnzymeMechanism{EnzymeMechanism{(((((:Product, :P), ((:C, 1),)), ((:Substrate, :S), ((:C, 1),))), (), (2,)), (((((), :E, ((), ())), (((:Product, :P),), :E, ((), ())), ((:Product, :P),), (), true),), ((((), :E, ((), ())), (((:Substrate, :S),), :E, ((), ())), ((:Substrate, :S),), (), true),), (((((:Substrate, :S),), :E, ((), ())), (((:Product, :P),), :E, ((), ())), (), (), false),)))}, (2, (:OnlyA, :OnlyA, :OnlyA)), (((:A,), 2, (:OnlyI,)),)}",,"(; K_A_EP_to_E_P, K_A_ES_to_E_S, k_A_ES_to_EP, K_I_Areg, L, Keq, E_total) = params
(; S, P, A) = concs
# Haldane constraints:
k_A_EP_to_ES = (1 / Keq) * K_A_EP_to_E_P * (1 / K_A_ES_to_E_S) * k_A_ES_to_EP
v = E_total * ((k_A_ES_to_EP * S / K_A_ES_to_E_S - k_A_EP_to_ES * P / K_A_EP_to_E_P) * (1 + P / K_A_EP_to_E_P + S / K_A_ES_to_E_S) * 1 ^ 2) / ((1 + P / K_A_EP_to_E_P + S / K_A_ES_to_E_S) ^ 2 * 1 ^ 2 + L * 1 ^ 2 * (1 + A / K_I_Areg) ^ 2)",Success,,caae8a313b961b9f,false,,0.9999979421795469,0.9999956504026912,,,3.2404187188175386e6,3.079169301716278e-7,1.0
